"code_article";"unite"
"00000006";"POC"
"00000100";"COL"
"00000613";"PI"
"00000627";"BOITE"
"00000631";"BOITE"
"00000632";"BOITE"
"00000641";"BOITE"
"00000789";"PI"
"00000811";"SACH"
"00000823";"BOITE"
"00001137";"SAC"
"00001143";"COL"
"00001264";"SAC"
"00001502";"COL"
"00001550";"POC"
"00002234";"BOITE"
"00002649";"SEAU"
"00002652";"SEAU"
"00002768";"BOITE"
"00003000";"CAR"
"00003002";"CAR"
"00003004";"CAR"
"00003070";"SEAU"
"00003768";"BOITE"
"00004108";"POC"
"00004109";"POC"
"00004175";"SEAU"
"00004991";"POC"
"00005016";"COL"
"00005101";"POC"
"00005157";"PI"
"00005327";"PI"
"00005332";"PI"
"00005333";"PI"
"00006002";"PI"
"00006006";"PI"
"00006025";"PI"
"00006026";"BID"
"00006030";"BID"
"00006031";"PI"
"00006110";"PI"
"00007805";"BOITE"
"00010002";"BOITE"
"00010009";"BOITE"
"00010011";"BOITE"
"00010015";"BOITE"
"00010019";"BOITE"
"00010021";"BOITE"
"00010027";"BOITE"
"00010051";"POC"
"00010104";"POC"
"00010113";"POC"
"00010116";"POC"
"00010123";"POC"
"00010151";"POC"
"00010155";"POC"
"00010156";"POC"
"00010203";"POC"
"00010204";"POC"
"00010208";"POC"
"00010212";"POC"
"00010215";"POC"
"00010217";"POC"
"00010227";"POC"
"00010253";"POC"
"00010291";"POC"
"00010301";"POC"
"00010302";"POC"
"00010314";"POC"
"00010352";"POC"
"00010361";"POC"
"00010363";"POC"
"00010364";"POC"
"00010391";"POC"
"00010392";"POC"
"00010401";"POC"
"00010423";"POC"
"00010428";"POC"
"00010429";"POC"
"00010457";"POC"
"00010459";"POC"
"00010461";"BARQ"
"00010464";"BARQ"
"00010492";"CAR"
"00010509";"COL"
"00010520";"POC"
"00010525";"COL"
"00010559";"COL"
"00010563";"CAR"
"00010568";"PAQUET"
"00010591";"PI"
"00010606";"POC"
"00010610";"PI"
"00010619";"POC"
"00010623";"COL"
"00010625";"POC"
"00010628";"PI"
"00010631";"COL"
"00010636";"COL"
"00010658";"BOITE"
"00010728";"PI"
"00010743";"BOITE"
"00010761";"CAR"
"00010767";"CAR"
"00010771";"CAR"
"00010800";"POC"
"00010809";"CAR"
"00010811";"COL"
"00010812";"COL"
"00010815";"POC"
"00010817";"CAR"
"00010821";"CAR"
"00010824";"POC"
"00010830";"POC"
"00010865";"COL"
"00010900";"COL"
"00010922";"COL"
"00010998";"COL"
"00011001";"KG"
"00011098";"COL"
"00011101";"BOITE"
"00011102";"BOITE"
"00011103";"CAR"
"00011104";"CAR"
"00011106";"COL"
"00011115";"POC"
"00011122";"BOITE"
"00011125";"PI"
"00011130";"BARQ"
"00011136";"CAR"
"00011167";"CAR"
"00011183";"COL"
"00011188";"POC"
"00011195";"COL"
"00011196";"CAR"
"00011213";"CAR"
"00011227";"CAR"
"00011238";"COL"
"00011241";"COL"
"00011243";"COL"
"00011256";"CAR"
"00011280";"POC"
"00011294";"CAR"
"00011300";"BARQ"
"00011302";"BARQ"
"00011308";"BARQ"
"00011316";"BARQ"
"00011320";"BARQ"
"00011322";"BARQ"
"00011325";"BARQ"
"00011326";"BARQ"
"00011338";"BARQ"
"00011345";"BARQ"
"00011350";"POC"
"00011352";"POC"
"00011355";"POC"
"00011366";"POC"
"00011367";"BARQ"
"00011371";"BARQ"
"00011375";"BARQ"
"00011376";"BARQ"
"00011403";"PI"
"00011406";"PI"
"00011436";"PI"
"00011487";"CAR"
"00011534";"COL"
"00011560";"PI"
"00011605";"SEAU"
"00011674";"COL"
"00011676";"CAR"
"00011719";"COL"
"00011721";"CAR"
"00011724";"COL"
"00011888";"POC"
"00011889";"POC"
"00011930";"BOITE"
"00012101";"COL"
"00012107";"COL"
"00012411";"POC"
"00015707";"BOITE"
"00017115";"COL"
"00017203";"CAR"
"00017206";"COL"
"00017207";"PI"
"00017211";"PAQUET"
"00017215";"COL"
"00017230";"COL"
"00017306";"POC"
"00017307";"POC"
"00017310";"POC"
"00017332";"COL"
"00017333";"COL"
"00017344";"CAR"
"00017362";"POC"
"00017363";"POC"
"00017369";"COL"
"00017370";"COL"
"00017371";"COL"
"00017380";"BOITE"
"00019007";"POC"
"00020092";"PI"
"00020101";"BOITE"
"00020102";"BOITE"
"00020146";"BOITE"
"00020147";"BOITE"
"00020148";"BOITE"
"00020149";"BOITE"
"00020150";"BOITE"
"00020151";"BOITE"
"00020190";"BOITE"
"00020203";"BOITE"
"00020205";"BOITE"
"00020215";"BOITE"
"00020216";"BOITE"
"00020217";"BOITE"
"00020222";"BOITE"
"00020223";"BOITE"
"00020226";"BOITE"
"00020231";"BOITE"
"00020238";"BOITE"
"00020239";"BOITE"
"00020240";"BOITE"
"00020241";"BOITE"
"00020243";"BOITE"
"00020244";"BOITE"
"00020245";"BOITE"
"00020247";"BOITE"
"00020249";"BOITE"
"00020250";"BOITE"
"00020251";"BOITE"
"00020252";"BOITE"
"00020254";"BOITE"
"00020260";"BOITE"
"00020264";"BOITE"
"00020265";"BOITE"
"00020266";"BOITE"
"00020267";"BOITE"
"00020268";"BOITE"
"00020269";"BOITE"
"00020271";"BOITE"
"00020272";"BOITE"
"00020273";"BOITE"
"00020274";"CAR"
"00020276";"BOITE"
"00020277";"BOITE"
"00020279";"BOITE"
"00020280";"BOITE"
"00020285";"BOITE"
"00020287";"BOITE"
"00020290";"BOITE"
"00020291";"BOITE"
"00020292";"BOITE"
"00020293";"BOITE"
"00020295";"BOITE"
"00020296";"BOITE"
"00020297";"BOITE"
"00020299";"BOITE"
"00020505";"BOITE"
"00020807";"COL"
"00021045";"BOITE"
"00021434";"PI"
"00021435";"PI"
"00021436";"PI"
"00021618";"BOITE"
"00021621";"BOITE"
"00021623";"BOITE"
"00021628";"BOITE"
"00021650";"BOITE"
"00021767";"BOITE"
"00021778";"BOITE"
"00021779";"BOITE"
"00021789";"BOITE"
"00022972";"PI"
"00023693";"BOITE"
"00025813";"BARQ"
"00030106";"PI"
"00034132";"BARQ"
"00034506";"PI"
"00034530";"PI"
"00034543";"PI"
"00035319";"SAC"
"00037414";"KG"
"00041451";"PI"
"00044120";"PI"
"00044391";"COL"
"00046119";"CAR"
"00046807";"BOITE"
"00047600";"CAR"
"00047637";"PI"
"00047692";"BOUTEILLE"
"00047698";"BOUTEILLE"
"00050099";"POC"
"00050103";"PI"
"00050115";"PI"
"00050338";"PI"
"00050413";"BOITE"
"00050449";"PI"
"00050455";"BOITE"
"00050460";"PI"
"00050461";"PI"
"00050465";"PI"
"00050474";"PI"
"00050479";"CAR"
"00050480";"CAR"
"00050502";"BOITE"
"00050507";"CAR"
"00050510";"PI"
"00050526";"BOITE"
"00050612";"SEAU"
"00050615";"BOITE"
"00050617";"BOITE"
"00050619";"SEAU"
"00050629";"PI"
"00050630";"BOITE"
"00050634";"BOITE"
"00050637";"BOITE"
"00050638";"BOITE"
"00050639";"BOITE"
"00050640";"BID"
"00050650";"BOITE"
"00050653";"BOITE"
"00050666";"PI"
"00050675";"PI"
"00050681";"PI"
"00050682";"PI"
"00050686";"PI"
"00050688";"PI"
"00050694";"PI"
"00050721";"PI"
"00050742";"BOITE"
"00050743";"BARQ"
"00050769";"BOITE"
"00050801";"BOITE"
"00050805";"BOITE"
"00050806";"BOITE"
"00050808";"BOITE"
"00050809";"BOITE"
"00050813";"BOITE"
"00050817";"BOITE"
"00050821";"BOITE"
"00050822";"BOITE"
"00050823";"BOITE"
"00050843";"BOITE"
"00050848";"BOITE"
"00050849";"BOITE"
"00050867";"BOITE"
"00050869";"BOITE"
"00050881";"POC"
"00050886";"BOITE"
"00050889";"POC"
"00050941";"BOITE"
"00050957";"BOITE"
"00050998";"CAR"
"00051010";"BOITE"
"00051024";"BOITE"
"00051108";"POC"
"00051109";"BOITE"
"00051137";"BOITE"
"00051212";"L"
"00051235";"PI"
"00051250";"PI"
"00051254";"PI"
"00051262";"PI"
"00051265";"PI"
"00051268";"PI"
"00051270";"PI"
"00051271";"PI"
"00051284";"PI"
"00051318";"POC"
"00051323";"SAC"
"00051324";"PI"
"00051326";"SAC"
"00051333";"BOITE"
"00051334";"BOITE"
"00051335";"PI"
"00051337";"PI"
"00051338";"PI"
"00051342";"POC"
"00051343";"PI"
"00051345";"SAC"
"00051349";"COL"
"00051350";"PI"
"00051351";"SAC"
"00051354";"SAC"
"00051355";"PI"
"00051357";"PI"
"00051359";"PI"
"00051360";"SAC"
"00051361";"BOITE"
"00051363";"SAC"
"00051366";"COL"
"00051372";"POC"
"00051374";"POC"
"00051375";"POC"
"00051378";"SAC"
"00051392";"COL"
"00051408";"PI"
"00051409";"PI"
"00051410";"PI"
"00051413";"POC"
"00051417";"PI"
"00051424";"POC"
"00051427";"BOITE"
"00051428";"POC"
"00051431";"BOITE"
"00051432";"PI"
"00051434";"PI"
"00051436";"SEAU"
"00051513";"BOITE"
"00051520";"BOITE"
"00051523";"BOITE"
"00051545";"BOITE"
"00051546";"PI"
"00051561";"BOITE"
"00051582";"PI"
"00051615";"COL"
"00051635";"POC"
"00051650";"COL"
"00051701";"PI"
"00051712";"BOITE"
"00051715";"BOITE"
"00051735";"BOITE"
"00051736";"POC"
"00051749";"BOITE"
"00051750";"POC"
"00051751";"POC"
"00051752";"POC"
"00051753";"POC"
"00051754";"POC"
"00051755";"KG"
"00051756";"POC"
"00051757";"POC"
"00051758";"POC"
"00051759";"BOITE"
"00051760";"POC"
"00051764";"POC"
"00051767";"POC"
"00051769";"POC"
"00051770";"BOITE"
"00051792";"BID"
"00051795";"PI"
"00051799";"BID"
"00051802";"BID"
"00051823";"BOITE"
"00051824";"BOITE"
"00051834";"PI"
"00051849";"POC"
"00051851";"POC"
"00052300";"POC"
"00052303";"BID"
"00052317";"CAR"
"00052318";"CAR"
"00052322";"POC"
"00052323";"SEAU"
"00052324";"CAR"
"00052325";"CAR"
"00052329";"PI"
"00052348";"BOITE"
"00052357";"SEAU"
"00052364";"PI"
"00053320";"CAR"
"00053324";"PI"
"00057003";"BOITE"
"00057138";"PI"
"00058081";"PI"
"00058082";"PI"
"00060205";"PI"
"00060218";"PI"
"00060236";"PI"
"00060257";"POC"
"00060260";"BARQ"
"00060274";"PI"
"00060278";"BOITE"
"00060281";"BOITE"
"00060282";"BOITE"
"00060283";"BOITE"
"00060284";"BOITE"
"00060307";"PI"
"00060308";"PI"
"00060318";"POC"
"00060399";"PI"
"00060401";"PI"
"00060402";"PI"
"00060409";"PI"
"00060411";"PI"
"00060412";"POC"
"00060416";"PI"
"00060417";"PI"
"00060418";"PI"
"00060420";"POC"
"00060421";"PI"
"00060426";"PI"
"00060429";"KG"
"00060433";"PI"
"00060445";"KG"
"00060458";"PI"
"00060501";"PI"
"00060520";"COL"
"00060521";"COL"
"00060550";"COL"
"00064100";"PI"
"00064711";"PI"
"00065638";"PI"
"00065641";"COL"
"00067023";"PI"
"00067103";"BARQ"
"00068042";"PI"
"00070101";"POC"
"00070119";"PI"
"00070123";"BARQ"
"00070129";"PI"
"00070132";"PI"
"00070140";"PI"
"00070144";"PI"
"00070147";"PI"
"00070149";"BARQ"
"00070157";"BARQ"
"00070169";"POC"
"00070191";"PI"
"00070246";"BARQ"
"00070304";"PI"
"00070501";"PI"
"00072020";"POC"
"00072057";"COL"
"00074510";"BOITE"
"00090101";"PI"
"00090105";"POC"
"00090107";"POC"
"00090111";"PI"
"00090112";"PI"
"00090116";"POC"
"00090117";"POC"
"00090122";"BOITE"
"00090123";"PI"
"00090124";"PI"
"00090126";"BARQ"
"00090131";"PI"
"00090134";"PI"
"00090152";"PI"
"00090153";"PI"
"00090163";"COL"
"00090174";"POC"
"00090177";"CAR"
"00090180";"PI"
"00090181";"POC"
"00090250";"PI"
"00090300";"POC"
"00092627";"PI"
"00092885";"POC"
"00092887";"POC"
"00092889";"POC"
"00095326";"PI"
"00095619";"POC"
"00095740";"COL"
"00095856";"COL"
"00095901";"POC"
"000BF007";"BOITE"
"000BF271";"PI"
"000BF618";"BOITE"
"000BF636";"BOITE"
"000BF886";"BOITE"
"000BS009";"BOITE"
"000BS011";"BOITE"
"000BS610";"BARQ"
"000S0458";"COL"
"000S0512";"POC"
"000S0515";"POC"
"000S0516";"POC"
"000S0685";"POC"
"000S0693";"POC"
"000S0801";"COL"
"000S0908";"COL"
"000S1539";"CAR"
"000S1541";"CAR"
"00101115";"CAR"
"00110012";"POC"
"00110219";"POC"
"00110220";"POC"
"00110242";"POC"
"00110395";"CAR"
"00110401";"BARQ"
"00110601";"CAR"
"00110602";"CAR"
"00110603";"CAR"
"00110609";"CAR"
"00110904";"COL"
"00111011";"CAR"
"00111012";"CAR"
"00111015";"CAR"
"00111160";"COL"
"00111216";"CAR"
"00111315";"BARQ"
"00111551";"COL"
"00111743";"COL"
"00111903";"COL"
"00117437";"PI"
"00120109";"POC"
"00120131";"COL"
"00120142";"LOT"
"00120143";"LOT"
"00120149";"PI"
"00120153";"CAR"
"00120156";"LOT"
"00120162";"POC"
"00120163";"COL"
"00120164";"CAR"
"00120172";"PAQUET"
"00120185";"PI"
"00120204";"BOITE"
"00120206";"BOITE"
"00120209";"POC"
"00120243";"PI"
"00120249";"PI"
"00120263";"PI"
"00120274";"PI"
"00120280";"PI"
"00120310";"CAR"
"00120311";"CAR"
"00120324";"POC"
"00120500";"CAR"
"00120501";"CAR"
"00120523";"CAR"
"00120574";"CAR"
"00120575";"CAR"
"00120577";"CAR"
"00120916";"BOITE"
"00121166";"CAR"
"00121200";"POC"
"00121357";"COL"
"00140210";"POC"
"00150017";"POC"
"00150035";"COL"
"00150038";"COL"
"00150048";"COL"
"00150049";"COL"
"00150107";"CAR"
"00150360";"COL"
"00151105";"BOITE"
"00151310";"BARQ"
"00151314";"BOITE"
"00151825";"BOITE"
"00151845";"BOITE"
"00151847";"COL"
"00151849";"BOITE"
"00151851";"BOITE"
"00161550";"POC"
"00202017";"BOITE"
"00210820";"KG"
"00215153";"BID"
"00250034";"PI"
"00250069";"SAC"
"00305604";"BOITE"
"00305608";"BOITE"
"00331534";"POC"
"00350102";"PI"
"00350620";"SEAU"
"00350621";"BOUTEILLE"
"00350625";"PI"
"00351270";"BID"
"00351275";"PI"
"00351312";"POC"
"00351315";"POC"
"00351318";"POC"
"00351319";"POC"
"00351321";"BOITE"
"00351327";"POC"
"00351329";"POC"
"00351332";"POC"
"00351334";"POC"
"00351335";"POC"
"00351337";"SACH"
"00351339";"PI"
"00351344";"PI"
"00351351";"POC"
"00351358";"POC"
"00351359";"POC"
"00351360";"PI"
"00351373";"POC"
"00351378";"POC"
"00351400";"POC"
"00351518";"BOITE"
"00351721";"BOITE"
"00351749";"BOITE"
"00351754";"POC"
"00351756";"POC"
"00351758";"POC"
"00351759";"SEAU"
"00352344";"PI"
"00401120";"PACK"
"00401130";"PACK"
"00401132";"BOITE"
"00401133";"SEAU"
"00401140";"PACK"
"00401165";"PI"
"00401203";"PACK"
"00401204";"PACK"
"00401206";"PACK"
"00401301";"SEAU"
"00401302";"SEAU"
"00401303";"KG"
"00401304";"PI"
"00401305";"PI"
"00401320";"SEAU"
"00401321";"SEAU"
"00401322";"SEAU"
"00401323";"SEAU"
"00401400";"BID"
"00401401";"BOITE"
"00401440";"PI"
"00401460";"PI"
"00401461";"PI"
"00401462";"PI"
"00402055";"SEAU"
"00402061";"COL"
"00402310";"SEAU"
"00402311";"SEAU"
"00402350";"SEAU"
"00402352";"SEAU"
"00402407";"PI"
"00402675";"SEAU"
"00402680";"SEAU"
"00402681";"SEAU"
"00402685";"SEAU"
"00403020";"KG"
"00403021";"KG"
"00403200";"BOITE"
"00403201";"BOITE"
"00403222";"BOITE"
"00403224";"BOITE"
"00404003";"PI"
"00404012";"BARQ"
"00404020";"PI"
"00404030";"PI"
"00404100";"PI"
"00404101";"PI"
"00404102";"PI"
"00404103";"PI"
"00404202";"PI"
"00404204";"PI"
"00404210";"COL"
"00404212";"PI"
"00404220";"BARQ"
"00404233";"BARQ"
"00404287";"BARQ"
"00404300";"PI"
"00404340";"BARQ"
"00404350";"PI"
"00404404";"PI"
"00404421";"PI"
"00404549";"POC"
"00404554";"POT"
"00404700";"PI"
"00404810";"COL"
"00404813";"PI"
"00404818";"SEAU"
"00404822";"COL"
"00404827";"COL"
"00404828";"POC"
"00404831";"CAR"
"00404851";"PI"
"00404852";"PI"
"00404854";"SEAU"
"00404863";"BARQ"
"00404864";"COL"
"00404868";"PI"
"00404869";"PI"
"00404871";"PI"
"00404875";"COL"
"00404878";"PI"
"00404888";"POC"
"00405000";"COL"
"00405275";"SEAU"
"00406100";"COL"
"00406110";"COL"
"00406120";"COL"
"00406130";"COL"
"00406140";"COL"
"00406141";"CAR"
"00406301";"SEAU"
"00406313";"BID"
"00406315";"BID"
"00441310";"SEAU"
"00444200";"PI"
"00444201";"PI"
"00444832";"COL"
"00444855";"COL"
"00450639";"COL"
"00500000";"PI"
"00500324";"PI"
"00500423";"PI"
"00500520";"SEAU"
"00500523";"SEAU"
"00500524";"SEAU"
"00500526";"SEAU"
"00500535";"PI"
"00500536";"BOITE"
"00500540";"BARQ"
"00500541";"PI"
"00500544";"PI"
"00500576";"BOITE"
"00500650";"POC"
"00500652";"POC"
"00500701";"SACH"
"00500880";"BOUTEILLE"
"00500900";"PI"
"00500907";"COL"
"00500915";"POC"
"00500916";"BOITE"
"00500917";"CAR"
"00500921";"POC"
"00500940";"PI"
"00500943";"PI"
"00500945";"PI"
"00501344";"PI"
"00501352";"PI"
"00507000";"COL"
"00507113";"PI"
"00507114";"SEAU"
"00507115";"PI"
"00507117";"BID"
"00507118";"PI"
"00516000";"COL"
"00516002";"PI"
"00518007";"POC"
"00660417";"PI"
"00802000";"PI"
"00802042";"KG"
"00805084";"PI"
"00807000";"POC"
"00807050";"BOITE"
"00808010";"POC"
"00808015";"BARQ"
"00808021";"PI"
"00P50845";"BOITE"
"00P51250";"PI"
"00P51268";"BID"
"00P51315";"PAQUET"
"00P51317";"POC"
"00P57157";"PI"
"00P67101";"POC"
"01051110";"COL"
"01120423";"POC"
"01300086";"POC"
"01401303";"KG"
"02150160";"POC"
"02150329";"POC"
"02150330";"POC"
"02150333";"BOITE"
"02150335";"PI"
"02150355";"PI"
"02251605";"BOITE"
"03050470";"PI"
"03050601";"SEAU"
"03050602";"SEAU"
"03050604";"PI"
"03050610";"SEAU"
"03050629";"PI"
"03050644";"PI"
"03050647";"PI"
"03050678";"PI"
"03050680";"PI"
"03051100";"BOITE"
"03051106";"POC"
"03051202";"BID"
"03051204";"BID"
"03051212";"L"
"03051216";"PI"
"03051218";"BID"
"03051220";"PI"
"03051223";"BID"
"03051224";"BOUTEILLE"
"03051226";"BID"
"03051241";"BOITE"
"03051254";"BOITE"
"03051312";"POC"
"03051314";"BOITE"
"03051321";"PI"
"03051322";"SAC"
"03051354";"PAQUET"
"03051400";"PI"
"03051401";"BOITE"
"03051405";"SACH"
"03051406";"PI"
"03051407";"BOITE"
"03051408";"PI"
"03051409";"POC"
"03051414";"PI"
"03051421";"PI"
"03051423";"POC"
"03051431";"PI"
"03051440";"CAR"
"03051450";"PI"
"03051456";"PI"
"03051458";"POC"
"03051462";"PI"
"03051467";"POC"
"03051468";"PI"
"03051500";"PI"
"03051533";"BOITE"
"03051566";"PI"
"03051640";"POC"
"03051736";"BOITE"
"03051738";"BOITE"
"03051749";"BOITE"
"03051765";"KG"
"03051826";"BOITE"
"03051900";"CAR"
"03151207";"BID"
"03151310";"BID"
"03351330";"SAC"
"03351331";"POC"
"03351736";"POC"
"0MAIA017";"PI"
"42151674";"POC"
"P0000051";"SACH"
"P0000058";"SAC"
"P0000151";"PI"
"P0000399";"PAQUET"
"P0000431";"BOITE"
"P0000555";"BOUTEILLE"
"P0000585";"PAQUET"
"P0000594";"BID"
"P0000611";"SEAU"
"P0000765";"POC"
"P0001068";"BOUTEILLE"
"P0001138";"BOITE"
"P0001646";"BOUTEILLE"
"P0001748";"SACH"
"P0001779";"SAC"
"P0002040";"PACK"
"P0002174";"CAR"
"P0002991";"BOITE"
"P0003146";"BID"
"P0003157";"KG"
"P0003233";"BOITE"
"P0003266";"SACH"
"P0003639";"SAC"
"P0003881";"SACH"
"P0004298";"CAR"
"P8005718";"BOITE"
"P8014650";"BOITE"
"P8038081";"PI"
